driver_id,name,age,city,gender,phone
D001,Ketan Vibhuti,35,Pune,M,9812131416
D002,Amit Kumar,40,Delhi,M,9876543210
D003,Deepika Patel,28,Mumbai,F,8765432109
D004,Rajesh Singh,45,Bengaluru,M,9123456780
D005,Priya Sharma,32,Chennai,F,8234567891
D006,Ankit Verma,38,Hyderabad,M,7345678901
D007,Neha Gupta,30,Kolkata,F,6456789012
D008,Rahul Reddy,48,Jaipur,M,5567890123
D009,Divya Mehra,42,Ahmedabad,F,4678901234
D010,Sunil Singh,50,Lucknow,M,3789012345
D011,Anita Yadav,32,Chandigarh,F,7890123456
D012,Vijay Shah,45,Patna,M,8901234567
D013,Shalini Kapoor,38,Kochi,F,9012345678
D014,Santosh Verma,40,Indore,M,6543210987
D015,Preeti Sharma,28,Kanpur,F,7654321098
D016,Alok Tiwari,36,Surat,M,8765432109
D017,Mohini Gupta,42,Coimbatore,F,9876543210
D018,Sunil Patel,47,Varanasi,M,8765432109
D019,Meena Singh,35,Nagpur,F,7654321098
D020,Ravi Sharma,39,Pune,M,6543210987
D021,Nisha Kapoor,31,Mumbai,F,5432109876
D022,Suresh Verma,43,Hyderabad,M,4321098765
D023,Anita Yadav,37,Bengaluru,F,3210987654
D024,Ajay Tiwari,44,Delhi,M,2109876543
D025,Kavita Mehra,49,Kolkata,F,1098765432
D026,Vikas Patel,33,Lucknow,M,2345678901
D027,Priya Sharma,41,Ahmedabad,F,3456789012
D028,Sanjay Verma,30,Jaipur,M,4567890123
D029,Meera Singh,46,Chennai,F,5678901234
D030,Rajat Kapoor,29,Pune,M,6789012345
D031,Anita Yadav,39,Delhi,F,7890123456
D032,Sunil Tiwari,48,Mumbai,M,8901234567
D033,Priyanka Sharma,34,Bengaluru,F,9012345678
D034,Vikram Patel,37,Chennai,M,6543210987
D035,Anjali Verma,42,Hyderabad,F,7654321098
D036,Deepak Singh,36,Kolkata,M,8765432109
D037,Savita Kapoor,40,Jaipur,F,9876543210
D038,Sunil Yadav,45,Ahmedabad,M,8765432109
D039,Anita Sharma,29,Lucknow,F,7654321098
D040,Ashok Tiwari,38,Varanasi,M,6543210987
D041,Meena Verma,33,Patna,F,5432109876
D042,Sunil Kapoor,47,Kochi,M,4321098765
D043,Vikram Patel,35,Indore,M,3210987654
D044,Amit Yadav,43,Kanpur,M,2109876543
D045,Deepika Sharma,39,Surat,F,1098765432
D046,Santosh Kapoor,44,Coimbatore,M,2345678901
D047,Kavita Yadav,36,Varanasi,F,3456789012
D048,Alok Tiwari,42,Nagpur,M,4567890123
D049,Rajat Sharma,31,Pune,M,5678901234
D050,Meera Patel,40,Mumbai,F,6789012345
D051,Anjali Yadav,35,Hyderabad,F,7890123456
D052,Sunil Sharma,49,Bengaluru,M,8901234567
D053,Deepika Kapoor,32,Delhi,F,9012345678
D054,Santosh Yadav,37,Kolkata,M,8765432109
D055,Anita Patel,45,Lucknow,F,9876543210
D056,Vijay Verma,28,Ahmedabad,M,8765432109
D057,Priya Kapoor,43,Jaipur,F,7654321098
D058,Rajat Patel,39,Varanasi,M,6543210987
D059,Anita Yadav,41,Patna,F,5432109876
D060,Sunil Kapoor,33,Kochi,M,4321098765
D061,Meena Verma,47,Indore,F,3210987654
D062,Rajat Sharma,30,Kanpur,M,2109876543
D063,Anita Patel,42,Surat,F,1098765432
D064,Sunil Tiwari,48,Coimbatore,M,2345678901
D065,Deepika Yadav,34,Varanasi,F,3456789012
D066,Savita Kapoor,40,Nagpur,F,4567890123
D067,Kavita Sharma,45,Pune,F,5678901234
D068,Vijay Kapoor,29,Mumbai,M,6789012345
D069,Anita Verma,37,Hyderabad,F,7890123456
D070,Rajesh Patel,42,Bengaluru,M,8901234567
D071,Sunil Sharma,39,Delhi,M,9012345678
D072,Deepika Yadav,36,Mumbai,F,8765432109
D073,Santosh Kapoor,48,Bengaluru,M,8765432109
D074,Rajat Verma,32,Chennai,M,7654321098
D075,Anjali Yadav,39,Hyderabad,F,6543210987
D076,Ashok Kapoor,43,Kolkata,M,5432109876
D077,Meena Sharma,30,Jaipur,F,4321098765
D078,Sunil Yadav,45,Ahmedabad,M,3210987654
D079,Priya Kapoor,31,Lucknow,F,2109876543
D080,Rajat Patel,41,Varanasi,M,1098765432
D081,Deepika Yadav,48,Patna,F,2345678901
D082,Santosh Kapoor,35,Kochi,M,3456789012
D083,Rajat Verma,46,Indore,M,4567890123
D084,Anjali Yadav,33,Kanpur,F,5678901234
D085,Deepak Verma,40,Surat,M,6789012345
D086,Savita Sharma,29,Coimbatore,F,7890123456
D087,Sunil Yadav,37,Varanasi,M,8901234567
D088,Meena Kapoor,42,Nagpur,F,9012345678
D089,Rajat Sharma,44,Pune,M,8765432109
D090,Anita Patel,30,Mumbai,F,8765432109
D091,Sunil Kapoor,49,Hyderabad,M,7654321098
D092,Deepika Sharma,35,Bengaluru,F,6543210987
D093,Amit Kapoor,42,Delhi,M,5432109876
D094,Meena Verma,46,Kolkata,F,4321098765
D095,Sunil Yadav,38,Lucknow,M,3210987654
D096,Rajat Patel,47,Varanasi,M,1098765432
D097,Meera Patel,33,Patna,F,2345678901
D098,Anjali Yadav,40,Kochi,F,3456789012
D099,Santosh Kapoor,29,Indore,M,4567890123
D100,Kavita Yadav,36,Kanpur,F,5678901234
D101,Alok Tiwari,45,Surat,M,6789012345
D102,Rajat Sharma,32,Coimbatore,M,7890123456
D103,Anjali Yadav,38,Varanasi,F,8901234567
D104,Ashok Kapoor,44,Nagpur,M,9012345678
D105,Sunil Yadav,41,Pune,M,8765432109
D106,Priya Kapoor,29,Mumbai,F,8765432109
D107,Rajat Patel,43,Hyderabad,M,7654321098
D108,Deepika Yadav,39,Bengaluru,F,6543210987
D109,Santosh Kapoor,47,Delhi,M,5432109876
D110,Rajat Verma,30,Kolkata,M,4321098765
D111,Anjali Yadav,35,Jaipur,F,3210987654
D112,Deepak Verma,46,Ahmedabad,M,2109876543
D113,Savita Sharma,33,Lucknow,F,1098765432
D114,Sunil Yadav,38,Varanasi,M,2345678901
D115,Meena Kapoor,40,Patna,F,3456789012
D116,Rajat Sharma,44,Kochi,F,4567890123
D117,Anita Patel,29,Indore,M,5678901234
D118,Sunil Yadav,47,Kanpur,M,6789012345
D119,Meera Verma,30,Surat,F,7890123456
D120,Rajat Sharma,42,Coimbatore,M,8901234567
D121,Anita Yadav,36,Varanasi,F,9012345678
D122,Alok Tiwari,43,Nagpur,M,8765432109
D123,Rajat Sharma,34,Pune,M,8765432109
D124,Anita Patel,48,Mumbai,F,7654321098
D125,Sunil Yadav,31,Hyderabad,M,6543210987
D126,Deepika Kapoor,39,Bengaluru,F,5432109876
D127,Santosh Yadav,47,Delhi,M,4321098765
D128,Anita Verma,30,Kolkata,F,3210987654
D129,Rajesh Patel,42,Jaipur,M,2109876543
D130,Sunil Sharma,44,Ahmedabad,M,1098765432
D131,Deepika Yadav,31,Lucknow,F,2345678901
D132,Savita Kapoor,45,Varanasi,M,3456789012
D133,Rajat Verma,32,Patna,M,4567890123
D134,Anjali Yadav,40,Kochi,F,5678901234
D135,Vivek Sharma,28,Indore,M,6789012345
D136,Anita Verma,38,Kanpur,F,7890123456
D137,Santosh Yadav,47,Surat,M,8901234567
D138,Kavita Sharma,35,Coimbatore,F,9012345678
D139,Sunil Yadav,43,Varanasi,M,8765432109
D140,Meena Kapoor,39,Nagpur,F,8765432109
D141,Rajat Sharma,32,Bengaluru,M,7654321098
D142,Anita Yadav,39,Delhi,F,6543210987
D143,Sunil Patel,45,Mumbai,M,8765432109
D144,Meena Verma,31,Lucknow,F,9876543210
D145,Rajat Yadav,38,Varanasi,M,8765432109
D146,Anjali Sharma,42,Kolkata,F,7654321098
D147,Sunil Kapoor,47,Jaipur,M,6543210987
D148,Meera Yadav,35,Ahmedabad,F,5432109876
D149,Deepak Verma,40,Hyderabad,M,4321098765
D150,Savita Yadav,29,Pune,F,3210987654
